{
  "uri": "layerSync",
  "title": "Layer Sync",
  "base": "_base",
  "layers": [
    {
      "title": "TimeFilter WMS Destination",
      "id": "TIMEFILTERDestination",
      "linkedLayers": {
        "linkId": "wmsTimeFilterDest"
      },
      "visible": true,
      "sourceOptions": {
        "url": "https://geoegl.msp.gouv.qc.ca/apis/ws/igo_gouvouvert.fcgi",
        "timeFilterable": true,
        "queryable": true,
        "queryFormat": "gml2",
        "queryTitle": "date_observation",
        "optionsFromCapabilities": true,
        "params": {
          "layers": "vg_observation_v_autre_wmst",
          "version": "1.3.0"
        },
        "type": "wms"
      }
    },
    {
      "title": "TimeFilter WMS Source",
      "id": "TIMEFILTERSource",
      "linkedLayers": {
        "linkId": "wmsTimeFilterSrc",
        "links": [
          {
            "linkedIds": ["wmsTimeFilterDest"],
            "properties": ["opacity", "timeFilter", "visible"]
          }
        ]
      },
      "visible": true,
      "sourceOptions": {
        "url": "https://geoegl.msp.gouv.qc.ca/apis/ws/igo_gouvouvert.fcgi",
        "timeFilterable": true,
        "timeFilter": {
          "min": "1990-01-01",
          "max": "2020-03-28",
          "style": "calendar",
          "range": true,
          "type": "date"
        },
        "queryable": true,
        "queryFormat": "gml2",
        "queryTitle": "date_observation",
        "optionsFromCapabilities": true,
        "params": {
          "layers": "vg_observation_v_autre_wmst",
          "version": "1.3.0"
        },
        "type": "wms"
      }
    },

    {
      "title": "OgcFilters WMS Destination",
      "visible": false,
      "id": "DestinationWMSOGCFILTERS",
      "linkedLayers": {
        "linkId": "wmsOgcFiltersDest"
      },
      "sourceOptions": {
        "queryable": true,
        "type": "wms",
        "url": "https://ws.mapserver.transports.gouv.qc.ca/swtq",
        "urlWfs": "https://ws.mapserver.transports.gouv.qc.ca/swtq",
        "params": {
          "layers": "radars_photos"
        },
        "paramsWFS": {
          "featureTypes": "radars_photos",
          "fieldNameGeometry": "geometry",
          "maxFeatures": 10000,
          "version": "1.1.0",
          "outputFormat": "geojson"
        }
      }
    },
    {
      "title": "OgcFilters WMS Source",
      "id": "wmsOgcFiltersSrc",
      "minResolution": 0,
      "maxResolution": 400,
      "linkedLayers": {
        "linkId": "wmsOgcFiltersSrc",
        "links": [
          {
            "syncedDelete": true,
            "linkedIds": ["wmsOgcFiltersDest", "wfsOgcFilterDest"],
            "properties": [
              "zIndex",
              "opacity",
              "visible",
              "ogcFilters",
              "minResolution",
              "maxResolution"
            ]
          }
        ]
      },
      "sourceOptions": {
        "queryable": true,
        "type": "wms",
        "url": "https://ws.mapserver.transports.gouv.qc.ca/swtq",
        "urlWfs": "https://ws.mapserver.transports.gouv.qc.ca/swtq",
        "params": {
          "layers": "radars_photos"
        },
        "ogcFilters": {
          "enabled": true,
          "editable": true,
          "pushButtons": {
            "groups": [
              { "title": "Group 1 Title", "name": "1", "ids": ["id1", "id2"] },
              { "title": "Group 2 Title", "name": "2", "ids": ["id1"] }
            ],
            "bundles": [
              {
                "id": "id1",
                "logical": "Or",
                "selectors": [
                  {
                    "title": "Radar photo fixe",
                    "enabled": true,
                    "color": "0,0,255",
                    "tooltip": "Here a tooltip explaning ...",
                    "filters": {
                      "operator": "PropertyIsEqualTo",
                      "propertyName": "typeAppareil",
                      "expression": "Radar photo fixe"
                    }
                  },
                  {
                    "title": "Radar photo mobile",
                    "enabled": false,
                    "color": "255,200,0",
                    "tooltip": "Here a tooltip explaning...",
                    "filters": {
                      "operator": "PropertyIsEqualTo",
                      "propertyName": "typeAppareil",
                      "expression": "Radar photo mobile"
                    }
                  },
                  {
                    "title": "Radar photo fixe + feu rouge",
                    "enabled": false,
                    "color": "0,200,0",
                    "tooltip": "Here a tooltip explaning...",
                    "filters": {
                      "operator": "PropertyIsEqualTo",
                      "propertyName": "typeAppareil",
                      "expression": "Radar photo fixe et surveillance au feu rouge"
                    }
                  },
                  {
                    "title": "Radar feu rouge",
                    "enabled": false,
                    "color": "255,0,0",
                    "tooltip": "Here a tooltip explaning ...",
                    "filters": {
                      "operator": "PropertyIsEqualTo",
                      "propertyName": "typeAppareil",
                      "expression": "Appareil de surveillance au feu rouge"
                    }
                  }
                ]
              },
              {
                "id": "id2",
                "logical": "Or",
                "vertical": true,
                "selectors": [
                  {
                    "title": "Montréal & Laval",
                    "enabled": false,
                    "tooltip": "Here a tooltip explaning ...",
                    "filters": {
                      "logical": "Or",
                      "filters": [
                        {
                          "operator": "PropertyIsEqualTo",
                          "propertyName": "region",
                          "expression": "Montréal"
                        },
                        {
                          "operator": "PropertyIsEqualTo",
                          "propertyName": "region",
                          "expression": "Laval"
                        }
                      ]
                    }
                  },
                  {
                    "title": "Outside Montréal & Laval",
                    "enabled": false,
                    "tooltip": "Here a tooltip explaning ...",
                    "filters": {
                      "logical": "And",
                      "filters": [
                        {
                          "operator": "PropertyIsNotEqualTo",
                          "propertyName": "region",
                          "expression": "Montréal"
                        },
                        {
                          "operator": "PropertyIsNotEqualTo",
                          "propertyName": "region",
                          "expression": "Laval"
                        }
                      ]
                    }
                  }
                ]
              }
            ]
          },
          "allowedOperatorsType": "all"
        },
        "paramsWFS": {
          "featureTypes": "radars_photos",
          "fieldNameGeometry": "geometry",
          "maxFeatures": 10000,
          "version": "1.1.0",
          "outputFormat": "geojson"
        }
      }
    },
    {
      "title": "OgcFilters WFS Destination",
      "id": "wfsOgcFilterDest",
      "linkedLayers": {
        "linkId": "wfsOgcFilterDest"
      },
      "showInLayerList": true,
      "visible": true,
      "sourceOptions": {
        "queryable": true,
        "params": {
          "featureTypes": "radars_photos",
          "fieldNameGeometry": "geometry",
          "maxFeatures": 10000,
          "version": "2.0.0"
        },
        "type": "wfs",
        "url": "https://ws.mapserver.transports.gouv.qc.ca/swtq"
      }
    }
  ],
  "toolbar": [
    "searchResults",
    "contextManager",
    "mapTools",
    "ogcFilter",
    "timeFilter",
    "measurer",
    "directions",
    "catalog",
    "importExport",
    "print",
    "shareMap",
    "about"
  ]
}
