{
    "uri": "variousFormats",
    "base": "_base",
    "layers": [
      {
        "title": "WMS - MSP Tel. Urgence",
        "sourceOptions": {
          "type": "wms",
          "url": "https://geoegl.msp.gouv.qc.ca/apis/ws/igo_gouvouvert.fcgi",
          "params": {
            "layers": "telephone_urg",
            "version": "1.3.0"
          },
          "queryable": true,
          "queryFormat": "gml2",
          "queryTitle": "desclocal"
        }
      },
      {
        "title": "MVT",
        "visible": true,
        "sourceOptions": {
          "queryable": true,
          "queryTitle": "nomcartrou",
          "type": "mvt",
          "url": "https://ws.mapserver.transports.gouv.qc.ca/swtq?mode=tile&tilemode=gmap&tile={x}+{y}+{z}&layers=lieuhabite&map.imagetype=mvt"
        }
      },
      {
        "title": "WFS",
        "sourceOptions": {
          "type": "wfs",
          "url": "https://geoegl.msp.gouv.qc.ca/apis/ws/igo_gouvouvert.fcgi",
          "queryable": true,
          "params": {
            "featureTypes": "vg_observation_v_autre_wmst",
            "fieldNameGeometry": "geometry",
            "maxFeatures": 1000,
            "version": "2.0.0",
            "srsName": "EPSG:32198"
          },
          "sourceFields": [
            { "name": "code_municipalite", "alias": "# de la municipalitée" },
            { "name": "date_observation", "allowedOperatorsType": "time" },
            { "name": "urgence", "values": ["Immédiate", "Inconnue"], "allowedOperatorsType": "basic" }
          ],
          "ogcFilters": {
            "allowedOperatorsType": "all",
            "enabled": true,
            "editable": true,
            "filters": {
              "operator": "PropertyIsEqualTo",
              "propertyName": "code_municipalite",
              "expression": "10043"
            }
          }
        }
      },
      {
        "title": "Cluster",
        "visible": true,
        "sourceOptions": {
          "queryable": true,
          "queryTitle": "identificationDesTravaux",
          "url": "https://ws.mapserver.transports.gouv.qc.ca/swtq?service=WFS&request=GetFeature&version=1.1.0&typename=chantiers_mtmdet&outputFormat=geojson",
          "type": "cluster",
          "distance": 50
        }
      },
      {
        "title": "Carto",
        "sourceOptions": {
          "type": "carto",
          "account": "common-data",
          "queryable": true,
          "queryFormat": "geojson",
          "queryPrecision": "5000",
          "crossOrigin": "anonymous",
          "config": {
            "version": "1.3.0",
            "layers": [
              {
                "type": "cartodb",
                "options": {
                  "cartocss_version": "2.3.0",
                  "cartocss":
                    "#layer { line-width: 3; line-color: ramp([yr], (#5F4690, #1D6996, #38A6A5, #0F8554, #73AF48, #EDAD08, #E17C05, #CC503E, #94346E, #6F4070, #666666), (\"2004\", \"2008\", \"2011\", \"1998\", \"2003\", \"1999\", \"1992\", \"2010\", \"2005\", \"1995\"), \"=\"); }",
                  "sql": "select * from tornado"
                }
              }
            ]
          }
        }
      },
      {
        "title": "Geojson sur DQ (pas de service)",
        "id": "dq1",
        "sourceOptions": {
          "type": "vector",
          "url": "https://www.donneesquebec.ca/recherche/dataset/f647f5ed-a8f3-4a47-8ceb-977cbf090675/resource/68e0e20a-415d-44f5-af82-a90311784616/download/bornes-incendies.geojson",
          "queryable": true,
          "queryFormat": "geojson",
          "queryTitle": "MARQUE",

          "formatOptions": {
            "dataProjection": "EPSG:4326",
            "featureProjection":"EPSG:3857"
          }
        }
      },
      {
        "title": "Vector geojson d'appel WFS",
        "visible": false,
        "id": "vector2",
        "sourceOptions": {
          "preload": { 
            "bypassVisible": true
          },
          "type": "vector",
          "url": "https://ws.mapserver.transports.gouv.qc.ca/swtq?service=WFS&request=GetFeature&version=1.1.0&typename=aeroport_piste&outputFormat=geojson",
          "queryable": true,
          "queryFormat": "geojson",
          "queryTitle": "nomnavcana"
        }
      }
    ]
  }
