{
  "global": {
    "title": "interactiveTour.global.title",
    "position": "auto",
    "steps": [
      {
        "element": "#menu-button",
        "title": "interactiveTour.global.menu-button-title",
        "text": "interactiveTour.global.menu-button",
        "onHide": {
          "action": "click",
          "condition": "mat-sidenav:not(.mat-drawer-opened)"
        }
      },
      {
        "element": ".igo-search-bar-container",
        "title": "interactiveTour.global.search-bar-title",
        "text": "interactiveTour.global.search-bar"
      },
      {
        "element": ".search-bar-buttons",
        "title": "interactiveTour.global.search-settings-title",
        "text": "interactiveTour.global.search-settings"
      },
      {
        "element": "igo-actionbar-item:nth-child(1) mat-list-item",
        "title": "interactiveTour.global.search-tool-title",
        "text": "interactiveTour.global.search-tool",
        "disableInteraction": true,
        "beforeShow": {
          "element": "#homeButton",
          "action": "click"
        }
      },
      {
        "element": "igo-toolbox",
        "title": "interactiveTour.global.toolbox-title",
        "text": "interactiveTour.global.toolbox",
        "disableInteraction": true,
        "beforeShow": {
          "element": "#homeButton",
          "action": "click"
        }
      },
      {
        "element": "igo-actionbar-item:nth-child(2) mat-list-item",
        "title": "interactiveTour.global.context-title",
        "text": "interactiveTour.global.context",
        "disableInteraction": true
      },
      {
        "element": "igo-actionbar-item:nth-child(3) mat-list-item",
        "title": "interactiveTour.global.map-tool-title",
        "text": "interactiveTour.global.map-tool",
        "disableInteraction": true
      },
      {
        "element": "igo-actionbar-item:nth-child(4) mat-list-item",
        "title": "interactiveTour.global.spatial-filter-title",
        "text": "interactiveTour.global.spatial-filter",
        "disableInteraction": true
      },
      {
        "element": "igo-actionbar-item:nth-child(5) mat-list-item",
        "title": "interactiveTour.global.measurer-tool-title",
        "text": "interactiveTour.global.measurer-tool",
        "disableInteraction": true
      },
      {
        "element": "igo-actionbar-item:nth-child(6) mat-list-item",
        "title": "interactiveTour.global.draw-tool-title",
        "text": "interactiveTour.global.draw-tool",
        "disableInteraction": true
      },
      {
        "element": "igo-actionbar-item:nth-child(7) mat-list-item",
        "title": "interactiveTour.global.directions-tool-title",
        "text": "interactiveTour.global.directions-tool",
        "disableInteraction": true
      },
      {
        "element": "igo-actionbar-item:nth-child(8) mat-list-item",
        "title": "interactiveTour.global.catalog-tool-title",
        "text": "interactiveTour.global.catalog-tool",
        "disableInteraction": true
      },
      {
        "element": "igo-actionbar-item:nth-child(9) mat-list-item",
        "title": "interactiveTour.global.import-export-title",
        "text": "interactiveTour.global.import-export",
        "disableInteraction": true
      },
      {
        "element": "igo-actionbar-item:nth-child(10) mat-list-item",
        "title": "interactiveTour.global.print-tool-title",
        "text": "interactiveTour.global.print-tool",
        "disableInteraction": true
      },
      {
        "element": "igo-actionbar-item:nth-child(11) mat-list-item",
        "title": "interactiveTour.global.share-map-title",
        "text": "interactiveTour.global.share-map",
        "disableInteraction": true
      },
      {
        "element": "igo-actionbar-item:nth-child(12) mat-list-item",
        "title": "interactiveTour.global.about-title",
        "text": "interactiveTour.global.about",
        "disableInteraction": true,
        "beforeShow": {
          "action": "click",
          "element": "#homeButton",
          "condition": "#homeButton"
        }
      },
      {
        "element": "igo-actionbar-item:nth-child(3) mat-list-item button",
        "title": "interactiveTour.global.tool-choose-title",
        "text": "interactiveTour.global.tool-choose",
        "disableInteraction": true,
        "onShow": {
          "action": "click"
        }
      },
      {
        "element": "div.igo-tool-container",
        "title": "interactiveTour.global.tool-choose-title",
        "text": "interactiveTour.global.tool-enter",
        "disableInteraction": true,
        "beforeShow": {
          "action": "click",
          "element": "igo-actionbar-item:nth-child(3) mat-list-item"
        }
      },
      {
        "element": "#homeButton",
        "title": "interactiveTour.global.menu-button-title",
        "text": "interactiveTour.global.home-button",
        "disableInteraction": true,
        "beforeShow": {
          "action": "click",
          "element": "igo-actionbar-item:nth-child(3) mat-list-item"
        },
        "beforeChange": {
          "action": "click"
        }
      },
      {
      "element": "igo-home-extent-button",
      "title": "interactiveTour.global.home-extent-title",
      "text": "interactiveTour.global.home-extent-text",
      "noBackButton": true
      },
      {
        "element": "igo-geolocate-button",
        "title": "interactiveTour.global.geolocate-title",
        "text": "interactiveTour.global.geolocate"
      },
      {
        "element": "igo-user-button",
        "title": "interactiveTour.global.user-title",
        "text": "interactiveTour.global.user-button",
        "disableInteraction": true,
        "position": "top"
      },
      {
        "element": "igo-baselayers-switcher",
        "title": "interactiveTour.global.baselayers-title",
        "text": "interactiveTour.global.baselayers"
      },
      {
        "title": "interactiveTour.global.end-title",
        "text": "interactiveTour.global.end"
      }
    ]
  },

  "timeFilter": {
    "title": "interactiveTour.timeFilter.title",
    "steps": [
      {
        "element": "div.igo-panel-title",
        "text": "interactiveTour.timeFilter.start"
      },
      {
        "element": "div.igo-panel-title",
        "text": "interactiveTour.timeFilter.end"
      }
    ]
  },

  "measurer": {
    "title": "interactiveTour.measurer.title",
    "steps": [
      {
        "element": "div.igo-panel-title",
        "text": "interactiveTour.measurer.start"
      },
      {
        "element": "div.measure-type-toggle",
        "text": "interactiveTour.measurer.type"
      },
      {
        "element": "div.measure-options",
        "text": "interactiveTour.measurer.options"
      },
      {
        "element": "div.measure-options mat-slide-toggle:first-child",
        "text": "interactiveTour.measurer.toggle-2"
      },
      {
        "element": "div.measure-options mat-slide-toggle:nth-child(2)",
        "text": "interactiveTour.measurer.toggle-3"
      },
      {
        "element": "div.measure-options mat-slide-toggle:last-child",
        "text": "interactiveTour.measurer.toggle-4"
      },
      {
        "element": "app-map-overlay",
        "text": "interactiveTour.measurer.map",
        "position": ""
      },
      {
        "element": "igo-measurer-item:first-of-type mat-form-field.measure-field",
        "text": "interactiveTour.measurer.measure-field"
      },
      {
        "element": "igo-measurer-item:first-of-type mat-form-field.unit-field",
        "text": "interactiveTour.measurer.measure-unit"
      },
      {
        "element": "mat-button-toggle:last-of-type button",
        "text": "interactiveTour.measurer.area-click",
        "onHide": {
          "action": "click"
        }
      },
      {
        "element": "igo-measurer-item:first-of-type mat-form-field.measure-field",
        "text": "interactiveTour.measurer.perimeter"
      },
      {
        "element": "igo-measurer-item:last-of-type mat-form-field.measure-field",
        "text": "interactiveTour.measurer.area-field"
      },
      {
        "element": "igo-measurer-item:last-of-type mat-form-field.unit-field",
        "text": "interactiveTour.measurer.area-unit"
      },
      {
        "element": "app-map-overlay",
        "text": "interactiveTour.measurer.map-2",
        "position": "",
        "onHide": {
          "action": "click",
          "waitFor": "tbody",
          "condition": "!tbody"
        }
      },
      {
        "element": "igo-entity-table.table-compact",
        "text": "interactiveTour.measurer.results"
      },
      {
        "element": "div.measure-store-buttons",
        "text": "interactiveTour.measurer.results-buttons"
      },
      {
        "element": "div.mat-checkbox-inner-container",
        "text": "interactiveTour.measurer.check-measure",
        "onShow": {
          "action": "click",
          "condition": "div.measure-store-buttons .mat-focus-indicator:disabled"
        }
      },
      {
        "element": "div.measure-store-buttons",
        "text": "interactiveTour.measurer.active-results-buttons"
      }
    ]
  },

  "spatialFilter": {
    "title": "interactiveTour.spatial-filter.title",
    "position": "auto",
    "steps": [
      {
        "element": "div.igo-panel-title",
        "text": "interactiveTour.spatial-filter.start",
        "onShow": {
          "element": "div.mat-tab-labels div:first-of-type",
          "action": "click"
        }
      },
      {
        "element": "div.mat-tab-label-container",
        "text": "interactiveTour.spatial-filter.zone-type",
        "disableInteraction": true
      },
      {
        "element": "div.mat-tab-labels div:first-of-type",
        "text": "interactiveTour.spatial-filter.predefined"
      },
      {
        "element": "div.mat-tab-labels div:nth-of-type(2)",
        "text": "interactiveTour.spatial-filter.drawing",
        "disableInteraction": true
      },
      {
        "element": "div.mat-tab-body-content .mat-form-field",
        "text": "interactiveTour.spatial-filter.search-by",
        "position": "right",
        "disableInteraction": true
      },
      {
        "element": "igo-spatial-filter-list mat-form-field",
        "text": "interactiveTour.spatial-filter.zone",
        "position": "right",
        "disableInteraction": true
      },
      {
        "element": "igo-spatial-filter-item .mat-radio-group",
        "text": "interactiveTour.spatial-filter.results-type"
      },
      {
        "element": "mat-radio-group mat-radio-button:first-of-type",
        "text": "interactiveTour.spatial-filter.address"
      },
      {
        "element": "mat-radio-group mat-radio-button:first-of-type",
        "text": "interactiveTour.spatial-filter.warning-address"
      },
      {
        "element": "mat-radio-group mat-radio-button:last-of-type",
        "text": "interactiveTour.spatial-filter.thematics",
        "onShow": {
          "action": "click",
          "element": "mat-radio-group mat-radio-button:last-of-type .mat-radio-label"
        }
      },
      {
        "element": "div.thematics",
        "text": "interactiveTour.spatial-filter.thematics-choose"
      },
      {
        "element": "div.buttons button:first-of-type",
        "text": "interactiveTour.spatial-filter.initialize",
        "beforeShow":{
          "element": "div.mat-tab-labels div:first-of-type",
          "action": "click"
        }
      },
      {
        "element": "div.mat-tab-labels div:nth-of-type(2)",
        "text": "interactiveTour.spatial-filter.drawing-select",
        "noBackButton": true,
        "onShow": {
          "action": "click"
        }
      },
      {
        "element": "div.spatial-type-toggle",
        "text": "interactiveTour.spatial-filter.drawing-type",
        "disableInteraction": true,
        "position": "right"
      },
      {
        "element": "div.header mat-slide-toggle:first-of-type .mat-slide-toggle-label",
        "text": "interactiveTour.spatial-filter.activate-drawing",
        "position": "right",
        "disableInteraction": true
      },
      {
        "element": "div.header mat-slide-toggle:last-of-type .mat-slide-toggle-label",
        "text": "interactiveTour.spatial-filter.freehand-drawing",
        "position": "right",
        "disableInteraction": true
      },
      {
        "element": "div.spatial-type-toggle mat-button-toggle:last-of-type button",
        "text": "interactiveTour.spatial-filter.circle-choose",
        "position": "right",
        "onShow": {
          "action": "click"
        }
      },
      {
        "element": "div.radius-unit",
        "text": "interactiveTour.spatial-filter.circle-radius",
        "position": "right"
      },
      {
        "element": "div.header mat-slide-toggle:last-of-type .mat-slide-toggle-label",
        "text": "interactiveTour.spatial-filter.circle-freehand",
        "position": "right",
        "disableInteraction": true,
        "onShow": {
          "action": "click",
          "element": "div.header mat-slide-toggle:last-of-type .mat-slide-toggle-label"
        }
      },
      {
        "element": "app-map-overlay",
        "text": "interactiveTour.spatial-filter.drawing-map",
        "position": ""
      },
      {
        "element": "button.clear-form-button",
        "text": "interactiveTour.spatial-filter.clear-drawing",
        "beforeChange": {
          "action": "click",
          "element": "mat-radio-group mat-radio-button:last-of-type .mat-radio-label"
        }
      },
      {
        "element": "div.thematics",
        "text": "interactiveTour.spatial-filter.thematics-choose-2"
      },
      {
        "element": "button.search-button",
        "text": "interactiveTour.spatial-filter.launch",
        "beforeChange": {
          "action": "click"
        }
      },
      {
        "element": "button.remove-button",
        "text": "interactiveTour.spatial-filter.clear-results"
      },
      {
        "element": "button.export-button",
        "text": "interactiveTour.spatial-filter.export"
      }
    ]
  },

  "contextManager": {
    "title": "interactiveTour.context.title",
    "conditions": ["igo-context-item"],
    "position": "auto",
    "steps": [
      {
        "element": "div.igo-panel-title",
        "text": "interactiveTour.context.start"
      },
      {
        "element": "igo-context-item",
        "text": "interactiveTour.context.description",
        "disableInteraction": true
      },
      {
        "element": "igo-context-item",
        "text": "interactiveTour.context.options",
        "disableInteraction": true,
        "beforeChange": {
          "action": "click",
          "element": "igo-actionbar-item:nth-child(2) mat-list-item"
        }
      },
      {
        "text": "interactiveTour.context.select",
        "element": "igo-context-item.igo-list-item-selected",
        "beforeChange": {
          "action": "click",
          "element": "igo-actionbar-item:nth-child(2) mat-list-item"
        }
      },
      {
        "element": "igo-context-item button:first-of-type",
        "text": "interactiveTour.context.favorite"
      },
      {
        "element": "igo-context-item button.save-button",
        "text": "interactiveTour.context.save-context"
      },
      {
        "element": "igo-context-item:first-of-type button.actions-button",
        "text": "interactiveTour.context.context-options",
        "onHide": {
          "action": "click",
          "condition": "igo-context-item:first-of-type button.actions-button.collapsed"
        },
        "disableInteraction": true
      },
      {
        "element": "div.igo-actions-expand-container",
        "text": "interactiveTour.context.context-options-opened"
      },
      {
        "element": "div.igo-actions-expand-container button.clone-button",
        "text": "interactiveTour.context.context-clone"
      },
      {
        "element": "div.igo-actions-expand-container button.edit-button",
        "text": "interactiveTour.context.context-edit"
      },
      {
        "element": "div.igo-actions-expand-container button.hide-button",
        "text": "interactiveTour.context.context-hide"
      },
      {
        "element": "div.igo-actions-expand-container button.delete-button",
        "text": "interactiveTour.context.context-delete"
      },
      {
        "element": "igo-context-list mat-list mat-form-field",
        "text": "interactiveTour.context.filter"
      },
      {
        "element": "igo-context-list button.sort-alpha",
        "text": "interactiveTour.context.alpha"
      },
      {
        "element": "igo-context-list igo-actionbar.add-context-button",
        "text": "interactiveTour.context.add-context",
        "disableInteraction": true
      },
      {
        "element": "igo-context-list button.users-filter",
        "text": "interactiveTour.context.users-filter",
        "disableInteraction": true,
        "onShow": {
          "action": "click"
        }
      },
      {
        "element": "div.mat-menu-panel",
        "text": "interactiveTour.context.users-filter-menu",
        "position": ""
      },
      {
        "element": "div.mat-menu-panel div.mat-menu-content span.profilsMenu:first-of-type",
        "text": "interactiveTour.context.users-filter-active",
        "position": "",
        "onShow": {
          "action": "click",
          "element": "div.mat-menu-panel div.mat-menu-content span.profilsMenu:first-of-type mat-checkbox .mat-checkbox-layout",
          "condition": "div.mat-menu-panel div.mat-menu-content span.profilsMenu:first-of-type mat-checkbox:not(.mat-checkbox-checked)"
        }
      },
      {
        "element": "div.mat-menu-panel div.mat-menu-content span.profilsMenu:last-of-type",
        "text": "interactiveTour.context.users-filter-hide",
        "position": "",
        "onShow": {
          "action": "click",
          "element": "div.mat-menu-panel div.mat-menu-content span.profilsMenu:last-of-type mat-checkbox .mat-checkbox-layout",
          "condition": "div.mat-menu-panel div.mat-menu-content span.profilsMenu:last-of-type mat-checkbox:not(.mat-checkbox-checked)"
        }
      }
    ]
  },

  "mapTools": {
    "title": "interactiveTour.map-tool.title",
    "position": "auto",
    "conditions": ["mat-list-item"],
    "steps": [
      {
        "element": "div.igo-panel-title",
        "text": "interactiveTour.map-tool.start",
        "onShow": {
          "element": "div.mat-tab-labels div:first-of-type",
          "action": "click"
        },
        "beforeShow": {
          "element": "igo-layer-list div.mat-list-item-content button.selection-mode",
          "action": "click",
          "condition": "igo-layer-item mat-checkbox"
        }
      },
      {
        "element": "mat-tab-group",
        "text": "interactiveTour.map-tool.layer-list",
        "disableInteraction": true
      },
      {
        "element": "div.mat-tab-labels div:nth-of-type(2)",
        "text": "interactiveTour.map-tool.legend-list",
        "disableInteraction": true,
        "position": "right"
      },
      {
        "element": "igo-layer-item:first-of-type",
        "text": "interactiveTour.map-tool.layer-item",
        "disableInteraction": true,
        "position": "right",
        "beforeChange": {
          "element": "igo-layer-item:first-of-type div.mat-list-text h4",
          "action": "click"
        }
      },
      {
        "element": "igo-layer-item:first-of-type",
        "text": "interactiveTour.map-tool.layer-item-click",
        "disableInteraction": true,
        "position": "right"
      },
      {
        "element": "igo-layer-item:first-of-type button:first-of-type",
        "text": "interactiveTour.map-tool.eye-button"
      },
      {
        "element": "igo-layer-item:first-of-type button:last-of-type",
        "text": "interactiveTour.map-tool.actions-button",
        "disableInteraction": true,
        "onShow": {
          "element": "igo-layer-item:first-of-type button:last-of-type",
          "action": "click",
          "condition": "igo-layer-list igo-list.igo-list-max-height"
        }
      },
      {
        "element": "igo-layer-list igo-panel",
        "text": "interactiveTour.map-tool.layer-actions-group",
        "disableInteraction": true
      },
      {
        "element": "igo-layer-list igo-panel igo-workspace-button button",
        "text": "interactiveTour.map-tool.workspace-button",
        "position": "top"
      },
      {
        "element": "igo-layer-list igo-panel igo-export-button",
        "text": "interactiveTour.map-tool.export-button",
        "disableInteraction": true,
        "position": "top"
      },
      {
        "element": "igo-layer-list igo-panel igo-ogc-filter-button",
        "text": "interactiveTour.map-tool.ogc-button",
        "disableInteraction": true,
        "position": "top"
      },
      {
        "element": "igo-layer-list igo-panel igo-time-filter-button",
        "text": "interactiveTour.map-tool.time-button",
        "disableInteraction": true,
        "position": "top"
      },
      {
        "element": "igo-layer-list igo-panel igo-metadata-button button",
        "text": "interactiveTour.map-tool.metadata-button",
        "position": "top"
      },
      {
        "element": "igo-layer-list igo-panel button.opacity-button",
        "text": "interactiveTour.map-tool.opacity-button",
        "position": "top"
      },
      {
        "element": "igo-layer-list igo-panel button.up-button",
        "text": "interactiveTour.map-tool.up-button"
      },
      {
        "element": "igo-layer-list igo-panel button.down-button",
        "text": "interactiveTour.map-tool.down-button"
      },
      {
        "element": "igo-layer-list igo-panel button.delete-button",
        "text": "interactiveTour.map-tool.delete-button",
        "disableInteraction": true
      },
      {
        "element": "igo-layer-list mat-list mat-form-field",
        "text": "interactiveTour.map-tool.name-filter",
        "onShow": {
          "element": "igo-layer-item:first-of-type button:last-of-type",
          "action": "click",
          "condition": "igo-layer-list igo-list.igo-list-max-height"
        }
      },
      {
        "element": "igo-layer-list div.mat-list-item-content button.sort-alpha",
        "text": "interactiveTour.map-tool.alpha"
      },
      {
        "element": "igo-layer-list div.mat-list-item-content button.only-visible",
        "text": "interactiveTour.map-tool.eye-filter",
        "disableInteraction": true,
        "onShow": {
          "element": "igo-layer-list div.mat-list-item-content button.selection-mode",
          "action": "click",
          "condition": "igo-layer-item:first-of-type mat-checkbox"
        }
      },
      {
        "element": "igo-layer-list div.mat-list-item-content button.selection-mode",
        "text": "interactiveTour.map-tool.selection-mode",
        "disableInteraction": true,
        "position": "right",
        "onShow": {
          "element": "igo-layer-list div.mat-list-item-content button.selection-mode",
          "action": "click",
          "condition": "igo-layer-item button.actions-button"
        }
      },
      {
        "element": "igo-layer-item:first-of-type mat-checkbox",
        "text": "interactiveTour.map-tool.check-layer",
        "onShow": {
          "element": "igo-layer-item:first-of-type mat-checkbox .mat-checkbox-layout",
          "action": "click",
          "condition": "igo-layer-item:first-of-type mat-checkbox:not(.mat-checkbox-checked)"
        }
      },
      {
        "element": "igo-layer-list igo-panel",
        "text": "interactiveTour.map-tool.layer-actions-group-selection",
        "disableInteraction": true
      },
      {
        "element": "igo-layer-list igo-panel button:first-of-type",
        "text": "interactiveTour.map-tool.select-all",
        "onHide": {
          "element": "igo-layer-list div.mat-list-item-content button.selection-mode",
          "action": "click",
          "condition": "igo-layer-item:first-of-type mat-checkbox"
        }
      },
      {
        "element": "div.mat-tab-labels div:nth-of-type(2)",
        "text": "interactiveTour.map-tool.legend-tab",
        "onShow": {
          "element": "div.mat-tab-labels div:nth-of-type(2)",
          "action": "click"
        }
      },
      {
        "element": "igo-map-tools mat-tab-group div.mat-tab-body-wrapper",
        "text": "interactiveTour.map-tool.legend-tab-description",
        "disableInteraction": true
      },
      {
        "element": "igo-layer-legend-list mat-slide-toggle",
        "text": "interactiveTour.map-tool.legend-tab-all",
        "position": "right"
      }
    ]
  }
}
