{
  "uri": "_default",
  "base": "_base",
  "layers": [
    {
      "title": "MSP DESSERTE MUN 911",
      "sourceOptions": {
        "type": "wms",
        "url": "https://geoegl.msp.gouv.qc.ca/apis/ws/igo_gouvouvert.fcgi",
        "params": {
          "layers": "MSP_DESSERTE_MUN_911",
          "version": "1.3.0"
        },
        "queryable": false,
        "queryFormat": "gml2",
        "queryTitle": "Municipalite"
      }
    },
    {
      "title": "MSP Tel. Urgence",
      "sourceOptions": {
        "type": "wms",
        "url": "https://geoegl.msp.gouv.qc.ca/apis/ws/igo_gouvouvert.fcgi",
        "params": {
          "layers": "telephone_urg",
          "version": "1.3.0"
        },
        "queryable": true,
        "queryFormat": "gml2",
        "queryTitle": "desclocal"
      }
    },
    {
      "title": "Établissements MTQ",
      "sourceOptions": {
        "type": "wms",
        "url": "https://ws.mapserver.transports.gouv.qc.ca/swtq",
        "params": {
          "layers": "etablissement_mtq",
          "version": "1.3.0"
        },
        "queryable": true,
        "queryFormat": "htmlgml2",
        "queryTitle": "nometablis"
      }
    }
  ]
}
