{
  "uri": "ogcFilters",
  "title": "Événements de sécurité civile",
  "base": "_base",
  "layers": [
    {
      "title": "Feux forêt (WMS - filtre temps en calendrier-année)",
      "visible": false,
      "metadata": {
        "extern": true
      },

      "sourceOptions": {
        "crossOrigin": "anonymous",
        "queryable": true,
        "queryFormat": "htmlgml2",
        "queryHtmlTarget": "iframe",
        "type": "wms",
        "url": "https://geoegl.msp.gouv.qc.ca/apis/ws/mffpecofor.fcgi",
        "optionsFromCapabilities": true,
        "params": {
          "layers": "ca_feux_close_scale",
          "version": "1.3.0"
        },
        "timeFilterable": false,
        "ogcFilters": {
          "enabled": true,
          "editable": true,
          "allowedOperatorsType": "basic",

          "filters": {
            "operator": "During",
            "propertyName": "annee_date",
            "begin": "1890",
            "end": "2020",
            "restrictedToStep": false,
            "calendarModeYear": true
          }
        },
        "stepDate": "P1Y"
      }
    },
    {
      "id": "1",
      "title": "Filtre - Événements (WFS avec filtre avancé)",
      "visible": false,
      "sourceOptions": {
        "type": "wfs",
        "url": "https://geoegl.msp.gouv.qc.ca/apis/ws/igo_gouvouvert.fcgi",
        "queryable": true,
        "params": {
          "featureTypes": "vg_observation_v_autre_wmst",
          "fieldNameGeometry": "geometry",
          "maxFeatures": 1000,
          "version": "2.0.0"
        },
        "sourceFields": [
          { "name": "code_municipalite", "alias": "# de la municipalitée" },
          { "name": "date_observation", "allowedOperatorsType": "time" },
          {
            "name": "urgence",
            "values": ["Immédiate", "Inconnue"],
            "allowedOperatorsType": "basic"
          }
        ],
        "ogcFilters": {
          "allowedOperatorsType": "all",
          "enabled": true,
          "editable": true,
          "filters": {
            "operator": "PropertyIsEqualTo",
            "propertyName": "code_municipalite",
            "expression": "10043"
          }
        }
      }
    },
    {
      "id": "2",
      "title": "Filtre - Événements extrêmes (non éditable)",
      "visible": false,
      "sourceOptions": {
        "queryable": true,
        "params": {
          "featureTypes": "vg_observation_v_autre_wmst",
          "fieldNameGeometry": "geometry",
          "maxFeatures": 10000,
          "version": "2.0.0"
        },
        "type": "wfs",
        "url": "https://geoegl.msp.gouv.qc.ca/apis/ws/igo_gouvouvert.fcgi",
        "ogcFilters": {
          "enabled": true,
          "editable": false,
          "filters": {
            "operator": "PropertyIsEqualTo",
            "propertyName": "severite",
            "expression": "Extrême"
          }
        }
      }
    },
    {
      "id": 3,
      "title": "Filtre - Photo radard (WMS - boutons de différents types)",
      "sourceOptions": {
        "type": "wms",
        "url": "https://ws.mapserver.transports.gouv.qc.ca/swtq",
        "urlWfs": "https://ws.mapserver.transports.gouv.qc.ca/swtq",
        "queryable": true,
        "params": {
          "layers": "radars_photos"
        },
        "ogcFilters": {
          "enabled": true,
          "editable": false,
          "pushButtons": {
            "order": 2,
            "groups": [
              { "title": "Group 1 Title", "name": "1", "ids": ["id1"] },
              { "title": "Group 2 Title", "name": "2", "ids": ["id1", "id2"] }
            ],
            "bundles": [
              {
                "id": "id1",
                "title": "Régions",
                "logical": "Or",
                "selectors": [
                  {
                    "title": "Montréal & Laval",
                    "tooltip": "Here a tooltip explaning ...",
                    "filters": {
                      "logical": "Or",
                      "filters": [
                        {
                          "operator": "PropertyIsEqualTo",
                          "propertyName": "region",
                          "expression": "Montréal"
                        },
                        {
                          "operator": "PropertyIsEqualTo",
                          "propertyName": "region",
                          "expression": "Laval"
                        }
                      ]
                    }
                  },
                  {
                    "title": "Outside Montréal & Laval",
                    "tooltip": "Here a tooltip explaning ...",
                    "filters": {
                      "logical": "And",
                      "filters": [
                        {
                          "operator": "PropertyIsNotEqualTo",
                          "propertyName": "region",
                          "expression": "Montréal"
                        },
                        {
                          "operator": "PropertyIsNotEqualTo",
                          "propertyName": "region",
                          "expression": "Laval"
                        }
                      ]
                    }
                  }
                ]
              },
              {
                "id": "id2",
                "logical": "Or",
                "title": "Type de radar photo",
                "selectors": [
                  {
                    "title": "Radar photo fixe",
                    "filters": {
                      "operator": "PropertyIsEqualTo",
                      "propertyName": "typeAppareil",
                      "expression": "Radar photo fixe"
                    }
                  },
                  {
                    "title": "Radar photo mobile",
                    "filters": {
                      "operator": "PropertyIsEqualTo",
                      "propertyName": "typeAppareil",
                      "expression": "Radar photo mobile"
                    }
                  },
                  {
                    "title": "Radar photo fixe + feu rouge",
                    "filters": {
                      "operator": "PropertyIsEqualTo",
                      "propertyName": "typeAppareil",
                      "expression": "Radar photo fixe et surveillance au feu rouge"
                    }
                  },
                  {
                    "title": "Radar feu rouge",
                    "filters": {
                      "operator": "PropertyIsEqualTo",
                      "propertyName": "typeAppareil",
                      "expression": "Appareil de surveillance au feu rouge"
                    }
                  }
                ]
              }
            ]
          },
          "checkboxes": {
            "order": 1,
            "groups": [
              { "title": "Group 1 Title", "name": "1", "ids": ["id1", "id2"] }
            ],
            "bundles": [
              {
                "id": "id1",
                "logical": "Or",
                "title": "Type de radar photo",
                "selectors": [
                  {
                    "title": "Radar photo fixe",
                    "filters": {
                      "operator": "PropertyIsEqualTo",
                      "propertyName": "typeAppareil",
                      "expression": "Radar photo fixe"
                    }
                  },
                  {
                    "title": "Radar photo mobile",
                    "filters": {
                      "operator": "PropertyIsEqualTo",
                      "propertyName": "typeAppareil",
                      "expression": "Radar photo mobile"
                    }
                  },
                  {
                    "title": "Radar photo fixe + feu rouge",
                    "filters": {
                      "operator": "PropertyIsEqualTo",
                      "propertyName": "typeAppareil",
                      "expression": "Radar photo fixe et surveillance au feu rouge"
                    }
                  },
                  {
                    "title": "Radar feu rouge",
                    "filters": {
                      "operator": "PropertyIsEqualTo",
                      "propertyName": "typeAppareil",
                      "expression": "Appareil de surveillance au feu rouge"
                    }
                  }
                ]
              }
            ]
          },
          "radioButtons": {
            "order": 1,
            "groups": [
              { "title": "Group 1 Title", "name": "1", "ids": ["id1"] },
              { "title": "Group 2 Title", "name": "2", "ids": ["id1", "id2"] }
            ],
            "bundles": [
              {
                "id": "id1",
                "title": "Régions",
                "unfiltered": false,
                "logical": "Or",
                "selectors": [
                  {
                    "title": "Montréal & Laval",
                    "tooltip": "Here a tooltip explaning ...",
                    "filters": {
                      "logical": "Or",
                      "filters": [
                        {
                          "operator": "PropertyIsEqualTo",
                          "propertyName": "region",
                          "expression": "Montréal"
                        },
                        {
                          "operator": "PropertyIsEqualTo",
                          "propertyName": "region",
                          "expression": "Laval"
                        }
                      ]
                    }
                  },
                  {
                    "title": "Outside Montréal & Laval",
                    "tooltip": "Here a tooltip explaning ...",
                    "filters": {
                      "logical": "And",
                      "filters": [
                        {
                          "operator": "PropertyIsNotEqualTo",
                          "propertyName": "region",
                          "expression": "Montréal"
                        },
                        {
                          "operator": "PropertyIsNotEqualTo",
                          "propertyName": "region",
                          "expression": "Laval"
                        }
                      ]
                    }
                  }
                ]
              },
              {
                "id": "id2",
                "logical": "Or",
                "title": "Type de radar photo",
                "selectors": [
                  {
                    "title": "Radar photo fixe",
                    "filters": {
                      "operator": "PropertyIsEqualTo",
                      "propertyName": "typeAppareil",
                      "expression": "Radar photo fixe"
                    }
                  },
                  {
                    "title": "Radar photo mobile",
                    "filters": {
                      "operator": "PropertyIsEqualTo",
                      "propertyName": "typeAppareil",
                      "expression": "Radar photo mobile"
                    }
                  },
                  {
                    "title": "Radar photo fixe + feu rouge",
                    "filters": {
                      "operator": "PropertyIsEqualTo",
                      "propertyName": "typeAppareil",
                      "expression": "Radar photo fixe et surveillance au feu rouge"
                    }
                  },
                  {
                    "title": "Radar feu rouge",
                    "filters": {
                      "operator": "PropertyIsEqualTo",
                      "propertyName": "typeAppareil",
                      "expression": "Appareil de surveillance au feu rouge"
                    }
                  }
                ]
              }
            ]
          },
          "select": {
            "order": 3,
            "groups": [
              { "title": "Group 1 Title", "name": "1", "ids": ["id1", "id2"] }
            ],
            "bundles": [
              {
                "id": "id1",
                "logical": "Or",
                "multiple": true,
                "unfiltered": false,
                "title": "Type de radar photo",
                "selectors": [
                  {
                    "title": "Radar photo fixe",
                    "filters": {
                      "operator": "PropertyIsEqualTo",
                      "propertyName": "typeAppareil",
                      "expression": "Radar photo fixe"
                    }
                  },
                  {
                    "title": "Radar photo mobile",
                    "filters": {
                      "operator": "PropertyIsEqualTo",
                      "propertyName": "typeAppareil",
                      "expression": "Radar photo mobile"
                    }
                  },
                  {
                    "title": "Radar photo fixe + feu rouge",
                    "filters": {
                      "operator": "PropertyIsEqualTo",
                      "propertyName": "typeAppareil",
                      "expression": "Radar photo fixe et surveillance au feu rouge"
                    }
                  },
                  {
                    "title": "Radar feu rouge",
                    "filters": {
                      "operator": "PropertyIsEqualTo",
                      "propertyName": "typeAppareil",
                      "expression": "Appareil de surveillance au feu rouge"
                    }
                  }
                ]
              }
            ]
          },
          "autocomplete": {
            "order": 4,
            "groups": [
              { "title": "Autocomplete", "name": "1", "ids": ["id1", "id2"] }
            ],
            "bundles": [
              {
                "id": "id1",
                "logical": "Or",
                "unfiltered": true,
                "title": "dom",
                "domSelectors": [
                  {
                    "id": 1,
                    "name": "dom_test",
                    "operator": "PropertyIsEqualTo",
                    "propertyName": "typeAppareil"
                  }
                ]
              }
            ]
          },
          "allowedOperatorsType": "basic"
        },
        "paramsWFS": {
          "featureTypes": "radars_photos",
          "fieldNameGeometry": "geometry",
          "maxFeatures": 10000,
          "version": "1.1.0",
          "outputFormat": "geojson"
        }
      }
    },
    {
      "id": 4,
      "title": "Filtre - Événements (WMS- boutons + filtre temps calendrier-date)",
      "sourceOptions": {
        "type": "wms",
        "url": "https://geoegl.msp.gouv.qc.ca/apis/ws/igo_gouvouvert.fcgi",
        "queryable": true,
        "paramsWFS": {
          "featureTypes": "vg_observation_v_autre_wmst",
          "fieldNameGeometry": "geometry",
          "maxFeatures": 10000,
          "version": "2.0.0",
          "outputFormat": "geojson",
          "outputFormatDownload": "SHP"
        },
        "params": {
          "layers": "vg_observation_v_autre_wmst"
        },
        "sourceFields": [
          {
            "name": "date_observation",
            "alias": "Date de l'observation",
            "allowedOperatorsType": "Time"
          },
          { "name": "type", "alias": "type", "allowedOperatorsType": "all" }
        ],
        "ogcFilters": {
          "enabled": true,
          "editable": false,
          "pushButtons": {
            "groups": [
              { "title": "Group 1 Title", "name": "1", "ids": ["id1"] }
            ],
            "bundles": [
              {
                "id": "id1",
                "logical": "Or",
                "title": "Évènements",
                "selectors": [
                  {
                    "title": "Mouvement de terrain",
                    "tooltip": "Here a tooltip explaning ...",
                    "filters": {
                      "operator": "PropertyIsEqualTo",
                      "propertyName": "type",
                      "expression": "Mouvement de terrain"
                    }
                  },
                  {
                    "title": "Inondation",
                    "tooltip": "Here a tooltip explaning ...",
                    "filters": {
                      "operator": "PropertyIsEqualTo",
                      "propertyName": "type",
                      "expression": "Inondation"
                    }
                  }
                ]
              }
            ]
          },
          "filters": {
            "operator": "During",
            "propertyName": "date_observation",
            "begin": "2016-01-21T00:00:00-05:00",
            "end": "today",
            "title": "Date de l'observation"
          },
          "allowedOperatorsType": "basic"
        },
        "minDate": "2010-01-01T00:00:00-05:00",
        "maxDate": "2025-12-31T00:00:00-05:00",
        "stepDate": "P1D"
      }
    }
  ],
  "toolbar": [
    "searchResults",
    "contextManager",
    "mapTools",
    "ogcFilter",
    "measurer",
    "directions",
    "catalog",
    "importExport",
    "print",
    "shareMap",
    "about",
    "advancedMap"
  ]
}
