{
  "uri": "testExport",
  "base": "_base",
  "layers": [
    {
      "title": "WFS & Download URL",
      "id": 1,
      "visible": false,
      "sourceOptions": {
        "download": {
          "url": "https://www.donneesquebec.ca/recherche/fr/dataset/radar-photo"
        },
        "queryable": true,
        "params": {
          "featureTypes": "radars_photos",
          "fieldNameGeometry": "geometry",
          "maxFeatures": 10000,
          "version": "2.0.0"
        },
        "type": "wfs",
        "url": "https://ws.mapserver.transports.gouv.qc.ca/swtq"
      }
    },
    {
      "title": "WFS with imposed export format 2",
      "id": 2,
      "visible": false,
      "sourceOptions": {
        "download": {
          "allowedFormats": ["kml", "csvcomma"]
        },
        "queryable": true,
        "params": {
          "featureTypes": "vg_observation_v_autre_wmst",
          "fieldNameGeometry": "geometry",
          "maxFeatures": 10000,
          "version": "2.0.0"
        },
        "type": "wfs",
        "url": "https://geoegl.msp.gouv.qc.ca/apis/ws/igo_gouvouvert.fcgi",
        "ogcFilters": {
          "enabled": true,
          "editable": false,
          "filters": {
            "operator": "PropertyIsEqualTo",
            "propertyName": "severite",
            "expression": "Extrême"
          }
        }
      }
    },
    {
      "title": "WFS with imposed export format 1",
      "id": 3,
      "visible": false,
      "sourceOptions": {
        "download": {
          "allowedFormats": ["geojson", "csvcomma"]
        },
        "queryable": true,
        "params": {
          "featureTypes": "vg_observation_v_autre_wmst",
          "fieldNameGeometry": "geometry",
          "maxFeatures": 10000,
          "version": "2.0.0"
        },
        "type": "wfs",
        "url": "https://geoegl.msp.gouv.qc.ca/apis/ws/igo_gouvouvert.fcgi",
        "ogcFilters": {
          "enabled": true,
          "editable": false,
          "filters": {
            "operator": "PropertyIsEqualTo",
            "propertyName": "severite",
            "expression": "Extrême"
          }
        }
      }
    },
    {
      "title": "WFS",
      "id": 4,
      "visible": false,
      "sourceOptions": {
        "queryable": true,
        "params": {
          "featureTypes": "vg_observation_v_autre_wmst",
          "fieldNameGeometry": "geometry",
          "maxFeatures": 10000,
          "version": "2.0.0"
        },
        "type": "wfs",
        "url": "https://geoegl.msp.gouv.qc.ca/apis/ws/igo_gouvouvert.fcgi",
        "ogcFilters": {
          "enabled": true,
          "editable": false,
          "filters": {
            "operator": "PropertyIsEqualTo",
            "propertyName": "severite",
            "expression": "Extrême"
          }
        }
      }
    },
    {
      "title": "WMS & Download URL",
      "id": 5,
      "sourceOptions": {
        "download": {
          "url": "https://www.donneesquebec.ca/recherche/fr/dataset/desserte-des-centres-durgences-9-1-1"
        },
        "type": "wms",
        "url": "https://geoegl.msp.gouv.qc.ca/apis/ws/igo_gouvouvert.fcgi",
        "params": {
          "layers": "MSP_DESSERTE_MUN_911",
          "version": "1.3.0"
        },
        "queryable": false,
        "queryFormat": "gml2",
        "queryTitle": "Municipalite"
      }
    },
    {
      "title": "WMS",
      "id": 6,
      "sourceOptions": {
        "type": "wms",
        "url": "https://geoegl.msp.gouv.qc.ca/apis/ws/igo_gouvouvert.fcgi",
        "params": {
          "layers": "telephone_urg",
          "version": "1.3.0"
        },
        "queryable": true,
        "queryFormat": "gml2",
        "queryTitle": "desclocal"
      }
    }
  ]
}
