{
  "uri": "timeFilter",
  "base": "_base",
  "layers": [
    {
      "title": "Embâcle",
      "sourceOptions": {
        "type": "wms",
        "url": "https://geoegl.msp.gouv.qc.ca/apis/ws/igo_gouvouvert.fcgi",
        "queryable": true,
        "queryTitle": "no_seq_observation",
        "params": {
          "layers": "vg_observation_v_inondation_embacle_wmst",
          "version": "1.3.0"
        },
        "timeFilterable": true,
        "timeFilter": {
          "min": "2013",
          "max": "2019",
          "range": false,
          "type": "year",
          "style": "slider",
          "step": 1,
          "timeInterval": 2000
        }
      },
      "metadata": {
        "url": "https://www.donneesquebec.ca/recherche/fr/dataset/historique-publique-d-embacles-repertories-au-msp"
      }
    },
    {
      "visible": false,
      "sourceOptions": {
        "url": "https://geoegl.msp.gouv.qc.ca/apis/ws/igo_gouvouvert.fcgi",
        "timeFilterable": true,
        "timeFilter": {
          "min": "1990-01-01",
          "max": "2020-03-28",
          "style": "calendar",
          "range": true,
          "type": "date"
        },
        "queryable": true,
        "queryFormat": "gml2",
        "queryTitle": "date_observation",
        "optionsFromCapabilities": true,
        "params": {
          "layers": "vg_observation_v_autre_wmst",
          "version": "1.3.0"
        },
        "type": "wms"
      }
    }
  ],
  "toolbar": [
    "searchResults",
    "contextManager",
    "mapTools",
    "timeFilter",
    "measurer",
    "directions",
    "catalog",
    "importExport",
    "print",
    "shareMap",
    "about",
    "advancedMap"
  ]
}
