{
  "uri": "simple2",
  "title": "Protection de la Faune",
  "base": "_base",
  "message": {
    "title": "Info",
    "text": "welcome",
    "type": "info",
    "options": {
      "timeOut": 20000
    }
  },
  "layers": [
    {
      "zIndex": 8,
      "title": "Directions régionales de la Protection de la faune",
      "visible": true,
      "sourceOptions": {
        "crossOrigin": "anonymous",
        "queryable": true,
        "queryFormat": "gml",
        "optionsFromCapabilities": false,
        "url": "https://servicesvecto3.mern.gouv.qc.ca/geoserver/SmartFaunePub/ows?",
        "params": {
          "layers": "LIMITE_REGIONS_PFQ",
          "version": "1.3.0"
        },
        "type": "wms"
      }
    },
    {
      "zIndex": 9,
      "title": "Bureaux de la Protection de la faune du Québec",
      "visible": true,
      "sourceOptions": {
        "crossOrigin": "anonymous",
        "queryable": true,
        "queryFormat": "gml",
        "url": "https://servicesvecto3.mern.gouv.qc.ca/geoserver/SmartFaunePub/ows?",
        "optionsFromCapabilities": false,
        "params": {
          "layers": "Bureaux_protection_faune",
          "version": "1.3.0"
        },
        "type": "wms"
      }
    }
  ]
}
