{
  "uri": "simple2",
  "title": "Protection de la Faune",
  "base": "_base",
  "message": {
    "title": "Info",
    "text": "welcome",
    "type": "info",
    "options": {
      "timeOut": 20000
    }
  },
  "layers": [
    {
      "sourceOptions": {
        "optionsFromCapabilities": true,
        "url": "https://geoegl.msp.gouv.qc.ca/apis/ws/igo_gouvouvert.fcgi",
        "params": {
          "layers": "mffp_dgpf_limites_regions_s",
          "version": "1.3.0"
        },
        "type": "wms",
        "queryTitle": "reg_adm"
      }
    },
    {
      "sourceOptions": {
        "url": "https://geoegl.msp.gouv.qc.ca/apis/ws/igo_gouvouvert.fcgi",
        "optionsFromCapabilities": true,
        "params": {
          "layers": "mffp_dgpf_bureaux_locaux_p",
          "version": "1.3.0"
        },
        "type": "wms",
        "queryTitle": "nom_du_bureau"
      }
    }
  ]
}
